1950,24 Jun 1950 - 15:00 ,Group 1,Brazil,4,0,Mexico,1,0
1950,25 Jun 1950 - 15:00 ,Group 2,England,2,0,Chile,1,0
1950,25 Jun 1950 - 15:00 ,Group 2,Spain,3,1,USA,0,1
1950,25 Jun 1950 - 15:00 ,Group 3,Sweden,3,2,Italy,2,1
1950,25 Jun 1950 - 15:00 ,Group 1,Yugoslavia,3,0,Switzerland,0,0
1950,28 Jun 1950 - 15:00 ,Group 1,Brazil,2,2,Switzerland,2,1
1950,28 Jun 1950 - 15:00 ,Group 1,Yugoslavia,4,1,Mexico,2,0
1950,29 Jun 1950 - 15:00 ,Group 2,Spain,2,0,Chile,2,0
1950,29 Jun 1950 - 15:30 ,Group 3,Sweden,2,2,Paraguay,2,1
1950,29 Jun 1950 - 15:00 ,Group 2,USA,1,0,England,1,0
1950,01 Jul 1950 - 15:00 ,Group 1,Brazil,2,0,Yugoslavia,1,0
1950,02 Jul 1950 - 15:00 ,Group 2,Spain,1,0,England,0,0
1950,02 Jul 1950 - 15:00 ,Group 3,Italy,2,0,Paraguay,1,0
1950,02 Jul 1950 - 15:00 ,Group 4,Uruguay,8,0,Bolivia,4,0
1950,02 Jul 1950 - 15:40 ,Group 1,Switzerland,2,1,Mexico,2,0
1950,02 Jul 1950 - 15:00 ,Group 2,Chile,5,2,USA,2,0
1950,09 Jul 1950 - 15:00 ,Group 6,Uruguay,2,2,Spain,1,2
1950,09 Jul 1950 - 15:00 ,Group 6,Brazil,7,1,Sweden,3,0
1950,13 Jul 1950 - 15:00 ,Group 6,Brazil,6,1,Spain,3,0
1950,13 Jul 1950 - 15:00 ,Group 6,Uruguay,3,2,Sweden,1,2
1950,16 Jul 1950 - 15:00 ,Group 6,Sweden,3,1,Spain,2,0
1950,16 Jul 1950 - 15:00 ,Group 6,Uruguay,2,1,Brazil,0,0
1954,16 Jun 1954 - 18:00 ,Group 3,Uruguay,2,0,Czechoslovakia,0,0
1954,16 Jun 1954 - 18:00 ,Group 3,Austria,1,0,Scotland,1,0
1954,16 Jun 1954 - 18:00 ,Group 1,Brazil,5,0,Mexico,4,0
1954,16 Jun 1954 - 18:00 ,Group 1,Yugoslavia,1,0,France,1,0
1954,17 Jun 1954 - 18:00 ,Group 2,Germany,4,1,Turkey,1,1
1954,17 Jun 1954 - 18:00 ,Group 2,Hungary,9,0,Korea Republic,4,0
1954,17 Jun 1954 - 18:10 ,Group 4,England,4,4,Belgium,0,0
1954,17 Jun 1954 - 17:50 ,Group 4,Switzerland,2,1,Italy,1,1
1954,19 Jun 1954 - 16:50 ,Group 3,Uruguay,7,0,Scotland,2,0
1954,19 Jun 1954 - 17:00 ,Group 3,Austria,5,0,Czechoslovakia,4,0
1954,19 Jun 1954 - 17:10 ,Group 1,France,3,2,Mexico,1,0
1954,19 Jun 1954 - 17:00 ,Group 1,Brazil,1,1,Yugoslavia,0,0
1954,20 Jun 1954 - 16:50 ,Group 2,Hungary,8,3,Germany,3,1
1954,20 Jun 1954 - 17:00 ,Group 2,Turkey,7,0,Korea Republic,4,0
1954,20 Jun 1954 - 17:10 ,Group 4,England,2,0,Switzerland,1,0
1954,20 Jun 1954 - 17:00 ,Group 4,Italy,4,1,Belgium,1,0
1954,23 Jun 1954 - 18:00 ,Group 2,Germany,7,2,Turkey,3,1
1954,23 Jun 1954 - 18:00 ,Group 4,Switzerland,4,1,Italy,1,0
1954,26 Jun 1954 - 17:00 ,Quarter-finals,Uruguay,4,2,England,2,1
1954,26 Jun 1954 - 17:00 ,Quarter-finals,Austria,7,5,Switzerland,5,4
1954,27 Jun 1954 - 17:00 ,Quarter-finals,Germany,2,0,Yugoslavia,1,0
1954,27 Jun 1954 - 17:00 ,Quarter-finals,Hungary,4,2,Brazil,2,1
1954,30 Jun 1954 - 18:00 ,Semi-finals,Germany,6,1,Austria,1,0
1954,30 Jun 1954 - 18:00 ,Semi-finals,Hungary,4,2,Uruguay,0,0
1954,03 Jul 1954 - 17:00 ,Match for third place,Austria,3,1,Uruguay,1,1
1954,04 Jul 1954 - 17:00 ,Final,Germany,3,2,Hungary,2,2
1958,08 Jun 1958 - 14:00 ,Group 3,Sweden,3,0,Mexico,1,0
1958,08 Jun 1958 - 19:00 ,Group 4,Soviet Union,2,2,England,1,0
1958,08 Jun 1958 - 19:00 ,Group 1,Argentina,1,3,Germany,1,2
1958,08 Jun 1958 - 19:00 ,Group 3,Hungary,1,1,Wales,1,1
1958,08 Jun 1958 - 19:00 ,Group 2,France,7,3,Paraguay,2,2
1958,08 Jun 1958 - 19:00 ,Group 2,Yugoslavia,1,1,Scotland,1,0
1958,08 Jun 1958 - 19:00 ,Group 4,Brazil,3,0,Austria,1,0
1958,08 Jun 1958 - 19:00 ,Group 1,Northern Ireland,1,0,Czechoslovakia,1,0
1958,11 Jun 1958 - 19:00 ,Group 4,Brazil,0,0,England,0,0
1958,11 Jun 1958 - 19:00 ,Group 3,Mexico,1,1,Wales,0,1
1958,11 Jun 1958 - 19:00 ,Group 2,Paraguay,3,2,Scotland,2,1
1958,11 Jun 1958 - 19:00 ,Group 2,Yugoslavia,3,2,France,1,1
1958,11 Jun 1958 - 19:00 ,Group 4,Soviet Union,2,0,Austria,1,0
1958,11 Jun 1958 - 19:00 ,Group 1,Germany,2,2,Czechoslovakia,0,2
1958,11 Jun 1958 - 19:00 ,Group 1,Argentina,3,1,Northern Ireland,1,1
1958,12 Jun 1958 - 19:00 ,Group 3,Sweden,2,1,Hungary,1,0
1958,15 Jun 1958 - 14:00 ,Group 3,Sweden,0,0,Wales,0,0
1958,15 Jun 1958 - 19:00 ,Group 4,Brazil,2,0,Soviet Union,1,0
1958,15 Jun 1958 - 19:00 ,Group 1,Germany,2,2,Northern Ireland,1,1
1958,15 Jun 1958 - 19:00 ,Group 3,Hungary,4,0,Mexico,1,0
1958,15 Jun 1958 - 19:00 ,Group 2,Paraguay,3,3,Yugoslavia,1,2
1958,15 Jun 1958 - 19:00 ,Group 2,France,2,1,Scotland,2,0
1958,15 Jun 1958 - 19:00 ,Group 4,England,2,2,Austria,0,1
1958,15 Jun 1958 - 19:00 ,Group 1,Czechoslovakia,6,1,Argentina,3,0
1958,17 Jun 1958 - 19:00 ,Group 4,Soviet Union,1,0,England,0,0
1958,17 Jun 1958 - 19:00 ,Group 1,Northern Ireland,2,1,Czechoslovakia,0,0
1958,17 Jun 1958 - 19:00 ,Group 3,Wales,2,1,Hungary,0,1
1958,19 Jun 1958 - 19:00 ,Quarter-finals,Brazil,1,0,Wales,0,0
1958,19 Jun 1958 - 19:00 ,Quarter-finals,Germany,1,0,Yugoslavia,1,0
1958,19 Jun 1958 - 19:00 ,Quarter-finals,Sweden,2,0,Soviet Union,0,0
1958,19 Jun 1958 - 19:00 ,Quarter-finals,France,4,0,Northern Ireland,1,0
1958,24 Jun 1958 - 19:00 ,Semi-finals,Sweden,3,1,Germany,1,1
1958,24 Jun 1958 - 19:00 ,Semi-finals,Brazil,5,2,France,2,1
1958,28 Jun 1958 - 17:00 ,Match for third place,France,6,3,Germany,3,1
1958,29 Jun 1958 - 15:00 ,Final,Brazil,5,2,Sweden,2,1
1962,30 May 1962 - 15:00 ,Group 1,Uruguay,2,1,Colombia,0,1
1962,30 May 1962 - 15:00 ,Group 3,Brazil,2,0,Mexico,0,0
1962,30 May 1962 - 15:00 ,Group 4,Argentina,1,0,Bulgaria,1,0
1962,30 May 1962 - 15:00 ,Group 2,Chile,3,1,Switzerland,1,1
1962,31 May 1962 - 15:00 ,Group 1,Soviet Union,2,0,Yugoslavia,0,0
1962,31 May 1962 - 15:00 ,Group 3,Czechoslovakia,1,0,Spain,0,0
1962,31 May 1962 - 15:00 ,Group 4,Hungary,2,1,England,1,0
1962,31 May 1962 - 15:00 ,Group 2,Germany,0,0,Italy,0,0
1962,02 Jun 1962 - 15:00 ,Group 1,Yugoslavia,3,1,Uruguay,2,1
1962,02 Jun 1962 - 15:00 ,Group 3,Brazil,0,0,Czechoslovakia,0,0
1962,02 Jun 1962 - 15:00 ,Group 4,England,3,1,Argentina,2,0
1962,02 Jun 1962 - 15:00 ,Group 2,Chile,2,0,Italy,0,0
1962,03 Jun 1962 - 15:00 ,Group 1,Soviet Union,4,4,Colombia,3,1
1962,03 Jun 1962 - 15:00 ,Group 3,Spain,1,0,Mexico,0,0
1962,03 Jun 1962 - 15:00 ,Group 4,Hungary,6,1,Bulgaria,4,0
1962,03 Jun 1962 - 15:00 ,Group 2,Germany,2,1,Switzerland,1,0
1962,06 Jun 1962 - 15:00 ,Group 1,Soviet Union,2,1,Uruguay,1,0
1962,06 Jun 1962 - 15:00 ,Group 3,Brazil,2,1,Spain,0,1
1962,06 Jun 1962 - 15:00 ,Group 4,Hungary,0,0,Argentina,0,0
1962,06 Jun 1962 - 15:00 ,Group 2,Germany,2,0,Chile,1,0
1962,07 Jun 1962 - 15:00 ,Group 1,Yugoslavia,5,0,Colombia,2,0
1962,07 Jun 1962 - 15:00 ,Group 3,Mexico,3,1,Czechoslovakia,2,1
1962,07 Jun 1962 - 15:00 ,Group 4,England,0,0,Bulgaria,0,0
1962,07 Jun 1962 - 15:00 ,Group 2,Italy,3,0,Switzerland,1,0
1962,10 Jun 1962 - 14:30 ,Quarter-finals,Chile,2,1,Soviet Union,2,1
1962,10 Jun 1962 - 14:30 ,Quarter-finals,Brazil,3,1,England,1,1
1962,10 Jun 1962 - 14:30 ,Quarter-finals,Czechoslovakia,1,0,Hungary,1,0
1962,10 Jun 1962 - 14:30 ,Quarter-finals,Yugoslavia,1,0,Germany,0,0
1962,13 Jun 1962 - 14:30 ,Semi-finals,Czechoslovakia,3,1,Yugoslavia,0,0
1962,13 Jun 1962 - 14:30 ,Semi-finals,Brazil,4,2,Chile,2,1
1962,16 Jun 1962 - 14:30 ,Match for third place,Chile,1,0,Yugoslavia,0,0
1962,17 Jun 1962 - 14:30 ,Final,Brazil,3,1,Czechoslovakia,1,1
1966,11 Jul 1966 - 19:30 ,Group 1,England,0,0,Uruguay,0,0
1966,12 Jul 1966 - 19:30 ,Group 2,Germany,5,0,Switzerland,3,0
1966,12 Jul 1966 - 19:30 ,Group 3,Brazil,2,0,Bulgaria,1,0
1966,12 Jul 1966 - 19:30 ,Group 4,Soviet Union,3,0,Korea DPR,2,0
1966,13 Jul 1966 - 19:30 ,Group 1,France,1,1,Mexico,0,0
1966,13 Jul 1966 - 19:30 ,Group 3,Portugal,3,1,Hungary,1,0
1966,13 Jul 1966 - 19:30 ,Group 2,Argentina,2,1,Spain,0,0
1966,13 Jul 1966 - 19:30 ,Group 4,Italy,2,0,Chile,1,0
1966,15 Jul 1966 - 19:30 ,Group 1,Uruguay,2,1,France,2,1
1966,15 Jul 1966 - 19:30 ,Group 2,Spain,2,1,Switzerland,0,1
1966,15 Jul 1966 - 19:30 ,Group 3,Hungary,3,1,Brazil,1,1
1966,15 Jul 1966 - 19:30 ,Group 4,Korea DPR,1,1,Chile,0,1
1966,16 Jul 1966 - 15:00 ,Group 3,Portugal,3,0,Bulgaria,2,0
1966,16 Jul 1966 - 15:00 ,Group 2,Germany,0,0,Argentina,0,0
1966,16 Jul 1966 - 15:00 ,Group 4,Soviet Union,1,0,Italy,0,0
1966,16 Jul 1966 - 19:30 ,Group 1,England,2,0,Mexico,1,0
1966,19 Jul 1966 - 16:30 ,Group 1,Uruguay,0,0,Mexico,0,0
1966,19 Jul 1966 - 19:30 ,Group 2,Argentina,2,0,Switzerland,0,0
1966,19 Jul 1966 - 19:30 ,Group 3,Portugal,3,1,Brazil,2,0
1966,19 Jul 1966 - 19:30 ,Group 4,Korea DPR,1,0,Italy,1,0
1966,20 Jul 1966 - 19:30 ,Group 1,England,2,0,France,1,0
1966,20 Jul 1966 - 19:30 ,Group 3,Hungary,3,1,Bulgaria,2,1
1966,20 Jul 1966 - 19:30 ,Group 2,Germany,2,1,Spain,1,1
1966,20 Jul 1966 - 19:30 ,Group 4,Soviet Union,2,1,Chile,1,1
1966,23 Jul 1966 - 15:00 ,Quarter-finals,England,1,0,Argentina,0,0
1966,23 Jul 1966 - 15:00 ,Quarter-finals,Germany,4,0,Uruguay,1,0
1966,23 Jul 1966 - 15:00 ,Quarter-finals,Soviet Union,2,1,Hungary,1,0
1966,23 Jul 1966 - 15:00 ,Quarter-finals,Portugal,5,3,Korea DPR,2,3
1966,25 Jul 1966 - 19:30 ,Semi-finals,Germany,2,1,Soviet Union,1,0
1966,26 Jul 1966 - 19:30 ,Semi-finals,England,2,1,Portugal,1,0
1966,28 Jul 1966 - 19:30 ,Match for third place,Portugal,2,1,Soviet Union,1,1
1966,30 Jul 1966 - 15:00 ,Final,England,4,2,Germany,0,0
1970,31 May 1970 - 12:00 ,Group 1,Mexico,0,0,Soviet Union,0,0
1970,02 Jun 1970 - 16:00 ,Group 2,Uruguay,2,0,Israel,1,0
1970,02 Jun 1970 - 16:00 ,Group 4,Peru,3,2,Bulgaria,0,1
1970,02 Jun 1970 - 16:00 ,Group 3,England,1,0,Romania,0,0
1970,03 Jun 1970 - 16:00 ,Group 2,Italy,1,0,Sweden,1,0
1970,03 Jun 1970 - 16:00 ,Group 4,Germany,2,1,Morocco,0,1
1970,03 Jun 1970 - 16:00 ,Group 3,Brazil,4,1,Czechoslovakia,1,1
1970,03 Jun 1970 - 16:00 ,Group 1,Belgium,3,0,El Salvador,1,0
1970,06 Jun 1970 - 16:00 ,Group 2,Uruguay,0,0,Italy,0,0
1970,06 Jun 1970 - 16:00 ,Group 4,Peru,3,0,Morocco,0,0
1970,06 Jun 1970 - 16:00 ,Group 3,Romania,2,1,Czechoslovakia,0,1
1970,06 Jun 1970 - 16:00 ,Group 1,Soviet Union,4,1,Belgium,1,0
1970,07 Jun 1970 - 12:00 ,Group 2,Sweden,1,1,Israel,0,0
1970,07 Jun 1970 - 12:00 ,Group 4,Germany,5,2,Bulgaria,2,1
1970,07 Jun 1970 - 12:00 ,Group 3,Brazil,1,0,England,0,0
1970,07 Jun 1970 - 12:00 ,Group 1,Mexico,4,0,El Salvador,1,0
1970,10 Jun 1970 - 16:00 ,Group 2,Sweden,1,0,Uruguay,0,0
1970,10 Jun 1970 - 16:00 ,Group 4,Germany,3,1,Peru,3,1
1970,10 Jun 1970 - 16:00 ,Group 3,Brazil,3,2,Romania,2,1
1970,10 Jun 1970 - 16:00 ,Group 1,Soviet Union,2,0,El Salvador,0,0
1970,11 Jun 1970 - 16:00 ,Group 2,Italy,0,0,Israel,0,0
1970,11 Jun 1970 - 16:00 ,Group 4,Bulgaria,1,1,Morocco,1,0
1970,11 Jun 1970 - 16:00 ,Group 3,England,1,0,Czechoslovakia,0,0
1970,11 Jun 1970 - 16:00 ,Group 1,Mexico,1,0,Belgium,1,0
1970,14 Jun 1970 - 12:00 ,Quarter-finals,Italy,4,1,Mexico,1,1
1970,14 Jun 1970 - 12:00 ,Quarter-finals,Germany,3,2,England,0,0
1970,14 Jun 1970 - 12:00 ,Quarter-finals,Brazil,4,2,Peru,2,1
1970,14 Jun 1970 - 12:00 ,Quarter-finals,Uruguay,1,0,Soviet Union,0,0
1970,17 Jun 1970 - 16:00 ,Semi-finals,Brazil,3,1,Uruguay,1,1
1970,17 June 1970 - 16:00 ,Semi-finals,Italy,4,3,Germany,0,0
1970,20 Jun 1970 - 16:00 ,Match for third place,Germany,1,0,Uruguay,1,0
1970,21 Jun 1970 - 12:00 ,Final,Brazil,4,1,Italy,1,1
1974,13 Jun 1974 - 17:00 ,Group 2,Brazil,0,0,Yugoslavia,0,0
1974,14 Jun 1974 - 16:00 ,Group 1,Germany,1,0,Chile,1,0
1974,14 Jun 1974 - 19:30 ,Group 1,German DR,2,0,Australia,0,0
1974,14 Jun 1974 - 19:30 ,Group 2,Zaire,0,2,Scotland,0,2
1974,15 Jun 1974 - 16:00 ,Group 3,Uruguay,0,2,Netherlands,0,1
1974,15 Jun 1974 - 16:00 ,Group 3,Sweden,0,0,Bulgaria,0,0
1974,15 Jun 1974 - 18:00 ,Group 4,Italy,3,1,Haiti,0,0
1974,15 Jun 1974 - 18:00 ,Group 4,Poland,3,2,Argentina,2,0
1974,18 Jun 1974 - 16:00 ,Group 1,Australia,0,3,Germany,0,2
1974,18 Jun 1974 - 19:30 ,Group 2,Scotland,0,0,Brazil,0,0
1974,18 Jun 1974 - 19:30 ,Group 1,Chile,1,1,German DR,0,0
1974,18 Jun 1974 - 19:30 ,Group 2,Yugoslavia,9,0,Zaire,6,0
1974,19 Jun 1974 - 19:30 ,Group 3,Netherlands,0,0,Sweden,0,0
1974,19 Jun 1974 - 19:30 ,Group 3,Bulgaria,1,1,Uruguay,0,0
1974,19 Jun 1974 - 19:30 ,Group 4,Haiti,0,7,Poland,0,5
1974,19 Jun 1974 - 19:30 ,Group 4,Argentina,1,1,Italy,1,1
1974,22 Jun 1974 - 16:00 ,Group 2,Scotland,1,1,Yugoslavia,0,0
1974,22 Jun 1974 - 16:00 ,Group 1,Australia,0,0,Chile,0,0
1974,22 Jun 1974 - 16:00 ,Group 2,Zaire,0,3,Brazil,0,1
1974,22 June 1974 - 19:30 ,Group 1,German DR,1,0,Germany,0,0
1974,23 Jun 1974 - 16:00 ,Group 3,Bulgaria,1,4,Netherlands,0,2
1974,23 Jun 1974 - 16:00 ,Group 4,Argentina,4,1,Haiti,2,0
1974,23 Jun 1974 - 16:00 ,Group 3,Sweden,3,0,Uruguay,0,0
1974,23 Jun 1974 - 16:00 ,Group 4,Poland,2,1,Italy,2,0
1974,26 Jun 1974 - 16:00 ,Group B,Yugoslavia,0,2,Germany,0,1
1974,26 Jun 1974 - 19:30 ,Group A,Brazil,1,0,German DR,0,0
1974,26 Jun 1974 - 19:30 ,Group A,Netherlands,4,0,Argentina,2,0
1974,26 Jun 1974 - 19:30 ,Group B,Sweden,0,1,Poland,0,1
1974,30 Jun 1974 - 16:00 ,Group A,Argentina,1,2,Brazil,1,1
1974,30 Jun 1974 - 16:00 ,Group B,Poland,2,1,Yugoslavia,1,1
1974,30 Jun 1974 - 16:00 ,Group A,German DR,0,2,Netherlands,0,1
1974,30 Jun 1974 - 19:30 ,Group B,Germany,4,2,Sweden,0,1
1974,03 Jul 1974 - 17:00 ,Group B,Poland,0,1,Germany,0,0
1974,03 Jul 1974 - 19:30 ,Group A,Netherlands,2,0,Brazil,0,0
1974,03 Jul 1974 - 19:30 ,Group A,Argentina,1,1,German DR,1,1
1974,03 Jul 1974 - 19:30 ,Group B,Sweden,2,1,Yugoslavia,1,1
1974,06 Jul 1974 - 16:00 ,Match for third place,Brazil,0,1,Poland,0,0
1974,07 July 1974 - 16:00 ,Final,Netherlands,1,2,Germany,1,2
1978,01 Jun 1978 - 15:00 ,Group 2,Germany,0,0,Poland,0,0
1978,02 Jun 1978 - 13:45 ,Group 1,Italy,2,1,France,1,1
1978,02 Jun 1978 - 16:45 ,Group 2,Tunisia,3,1,Mexico,0,1
1978,02 Jun 1978 - 19:15 ,Group 1,Argentina,2,1,Hungary,1,1
1978,03 Jun 1978 - 13:45 ,Group 3,Sweden,1,1,Brazil,1,1
1978,03 Jun 1978 - 13:45 ,Group 3,Austria,2,1,Spain,1,1
1978,03 Jun 1978 - 16:45 ,Group 4,Peru,3,1,Scotland,1,1
1978,03 Jun 1978 - 16:45 ,Group 4,Netherlands,3,0,IR Iran,1,0
1978,06 Jun 1978 - 13:45 ,Group 1,Italy,3,1,Hungary,2,0
1978,06 Jun 1978 - 16:45 ,Group 2,Poland,1,0,Tunisia,1,0
1978,06 Jun 1978 - 16:45 ,Group 2,Germany,6,0,Mexico,4,0
1978,06 Jun 1978 - 19:15 ,Group 1,Argentina,2,1,France,1,0
1978,07 Jun 1978 - 13:45 ,Group 3,Brazil,0,0,Spain,0,0
1978,07 Jun 1978 - 13:45 ,Group 3,Austria,1,0,Sweden,1,0
1978,07 Jun 1978 - 16:45 ,Group 4,Scotland,1,1,IR Iran,1,0
1978,07 Jun 1978 - 16:45 ,Group 4,Netherlands,0,0,Peru,0,0
1978,10 Jun 1978 - 15:10 ,Group 1,France,3,1,Hungary,3,1
1978,10 Jun 1978 - 16:45 ,Group 2,Poland,3,1,Mexico,1,0
1978,10 Jun 1978 - 16:45 ,Group 2,Germany,0,0,Tunisia,0,0
1978,10 Jun 1978 - 19:15 ,Group 1,Italy,1,0,Argentina,0,0
1978,11 Jun 1978 - 13:45 ,Group 3,Brazil,1,0,Austria,1,0
1978,11 Jun 1978 - 13:45 ,Group 3,Spain,1,0,Sweden,0,0
1978,11 Jun 1978 - 16:45 ,Group 4,Peru,4,1,Iran,3,1
1978,11 Jun 1978 - 16:45 ,Group 4,Scotland,3,2,Netherlands,1,1
1978,14 Jun 1978 - 13:45 ,Group A,Germany,0,0,Italy,0,0
1978,14 Jun 1978 - 13:45 ,Group A,Netherlands,5,1,Austria,3,0
1978,14 Jun 1978 - 16:45 ,Group B,Brazil,3,0,Peru,2,0
1978,14 Jun 1978 - 19:15 ,Group B,Argentina,2,0,Poland,1,0
1978,18 Jun 1978 - 13:45 ,Group B,Poland,1,0,Peru,0,0
1978,18 Jun 1978 - 16:45 ,Group A,Italy,1,0,Austria,1,0
1978,18 Jun 1978 - 16:45 ,Group A,Germany,2,2,Netherlands,1,1
1978,18 Jun 1978 - 19:15 ,Group B,Argentina,0,0,Brazil,0,0
1978,21 Jun 1978 - 13:45 ,Group A,Netherlands,2,1,Italy,0,1
1978,21 Jun 1978 - 13:45 ,Group A,Austria,3,2,Germany,0,1
1978,21 Jun 1978 - 16:45 ,Group B,Brazil,3,1,Poland,1,1
1978,21 Jun 1978 - 19:15 ,Group B,Argentina,6,0,Peru,2,0
1978,24 Jun 1978 - 15:00 ,Match for third place,Brazil,2,1,Italy,0,1
1978,25 Jun 1978 - 15:00 ,Final,Argentina,3,1,Netherlands,0,0
1982,13 Jun 1982 - 20:00 ,Group 3,Argentina,0,1,Belgium,0,0
1982,14 Jun 1982 - 17:15 ,Group 1,Italy,0,0,Poland,0,0
1982,14 Jun 1982 - 21:00 ,Group 6,Brazil,2,1,Soviet Union,0,1
1982,15 Jun 1982 - 17:15 ,Group 1,Peru,0,0,Cameroon,0,0
1982,15 Jun 1982 - 21:00 ,Group 3,Hungary,10,1,El Salvador,3,0
1982,15 Jun 1982 - 21:00 ,Group 6,Scotland,5,2,New Zealand,3,0
1982,16 Jun 1982 - 17:15 ,Group 2,Germany,1,2,Algeria,0,0
1982,16 Jun 1982 - 17:15 ,Group 4,England,3,1,France,1,1
1982,16 Jun 1982 - 21:00 ,Group 5,Spain,1,1,Honduras,0,1
1982,17 Jun 1982 - 17:15 ,Group 2,Chile,0,1,Austria,0,1
1982,17 Jun 1982 - 17:45 ,Group 4,Czechoslovakia,1,1,Kuwait,1,0
1982,17 Jun 1982 - 21:00 ,Group 5,Yugoslavia,0,0,Northern Ireland,0,0
1982,18 Jun 1982 - 17:15 ,Group 1,Italy,1,1,Peru,1,0
1982,18 Jun 1982 - 21:00 ,Group 3,Argentina,4,1,Hungary,2,0
1982,18 Jun 1982 - 21:00 ,Group 6,Brazil,4,1,Scotland,1,1
1982,19 Jun 1982 - 19:15 ,Group 1,Poland,0,0,Cameroon,0,0
1982,19 Jun 1982 - 21:00 ,Group 3,Belgium,1,0,El Salvador,1,0
1982,19 Jun 1982 - 21:00 ,Group 6,Soviet Union,3,0,New Zealand,1,0
1982,20 Jun 1982 - 17:15 ,Group 2,Germany,4,1,Chile,1,0
1982,20 Jun 1982 - 17:15 ,Group 4,England,2,0,Czechoslovakia,0,0
1982,20 Jun 1982 - 21:00 ,Group 5,Spain,2,1,Yugoslavia,1,1
1982,21 Jun 1982 - 17:15 ,Group 2,Algeria,0,2,Austria,0,0
1982,21 Jun 1982 - 17:15 ,Group 4,France,4,1,Kuwait,2,0
1982,21 Jun 1982 - 21:00 ,Group 5,Honduras,1,1,Northern Ireland,0,1
1982,22 Jun 1982 - 17:15 ,Group 1,Poland,5,1,Peru,0,0
1982,22 Jun 1982 - 21:00 ,Group 3,Belgium,1,1,Hungary,0,1
1982,22 Jun 1982 - 21:00 ,Group 6,Soviet Union,2,2,Scotland,0,1
1982,23 Jun 1982 - 17:15 ,Group 1,Italy,1,1,Cameroon,0,0
1982,23 Jun 1982 - 21:00 ,Group 3,Argentina,2,0,El Salvador,1,0
1982,23 Jun 1982 - 21:00 ,Group 6,Brazil,4,0,New Zealand,2,0
1982,24 Jun 1982 - 17:15 ,Group 2,Algeria,3,2,Chile,3,0
1982,24 Jun 1982 - 17:15 ,Group 4,France,1,1,Czechoslovakia,0,0
1982,24 Jun 1982 - 21:00 ,Group 5,Honduras,0,1,Yugoslavia,0,0
1982,25 Jun 1982 - 17:15 ,Group 2,Germany,1,0,Austria,1,0
1982,25 Jun 1982 - 17:15 ,Group 4,England,1,0,Kuwait,1,0
1982,25 Jun 1982 - 21:00 ,Group 5,Northern Ireland,1,0,Spain,0,0
1982,28 Jun 1982 - 17:15 ,Group 4,Austria,0,1,France,0,1
1982,28 Jun 1982 - 21:00 ,Group 1,Poland,3,0,Belgium,2,0
1982,29 Jun 1982 - 17:15 ,Group 3,Italy,2,1,Argentina,0,0
1982,29 Jun 1982 - 21:00 ,Group 2,Germany,0,0,England,0,0
1982,01 Jul 1982 - 17:15 ,Group 4,Austria,2,2,Northern Ireland,0,1
1982,01 Jul 1982 - 21:00 ,Group 1,Belgium,0,1,Soviet Union,0,0
1982,02 Jul 1982 - 17:15 ,Group 3,Argentina,1,3,Brazil,0,1
1982,02 Jul 1982 - 21:00 ,Group 2,Germany,2,1,Spain,0,0
1982,04 Jul 1982 - 17:15 ,Group 4,France,4,1,Northern Ireland,1,0
1982,04 Jul 1982 - 21:00 ,Group 1,Poland,0,0,Soviet Union,0,0
1982,05 Jul 1982 - 17:15 ,Group 3,Italy,3,2,Brazil,2,1
1982,05 Jul 1982 - 21:00 ,Group 2,Spain,0,0,England,0,0
1982,08 Jul 1982 - 17:15 ,Semi-finals,Poland,0,2,Italy,0,1
1982,08 Jul 1982 - 21:00 ,Semi-finals,Germany,3,3,France,0,0
1982,10 Jul 1982 - 20:00 ,Match for third place,Poland,3,2,France,2,1
1982,11 Jul 1982 - 20:00 ,Final,Italy,3,1,Germany,0,0
1986,31 May 1986 - 12:00 ,Group A,Bulgaria,1,1,Italy,0,1
1986,01 Jun 1986 - 16:00 ,Group C,Canada,0,1,France,0,0
1986,01 Jun 1986 - 12:00 ,Group D,Spain,0,1,Brazil,0,0
1986,02 Jun 1986 - 12:00 ,Group C,Soviet Union,6,0,Hungary,3,0
1986,02 Jun 1986 - 12:00 ,Group A,Argentina,3,1,Korea Republic,2,0
1986,02 Jun 1986 - 16:00 ,Group F,Morocco,0,0,Poland,0,0
1986,03 Jun 1986 - 12:00 ,Group D,Algeria,1,1,Northern Ireland,0,1
1986,03 Jun 1986 - 12:00 ,Group B,Belgium,1,2,Mexico,1,2
1986,03 Jun 1986 - 16:00 ,Group F,Portugal,1,0,England,0,0
1986,04 Jun 1986 - 12:00 ,Group B,Paraguay,1,0,Iraq,1,0
1986,04 Jun 1986 - 16:00 ,Group E,Scotland,0,1,Denmark,0,0
1986,04 Jun 1986 - 12:00 ,Group E,Uruguay,1,1,Germany,1,0
1986,05 Jun 1986 - 12:00 ,Group A,Italy,1,1,Argentina,1,1
1986,05 Jun 1986 - 12:00 ,Group C,France,1,1,Soviet Union,0,0
1986,05 Jun 1986 - 16:00 ,Group A,Korea Republic,1,1,Bulgaria,0,1
1986,06 Jun 1986 - 12:00 ,Group C,Hungary,2,0,Canada,1,0
1986,06 Jun 1986 - 12:00 ,Group D,Brazil,1,0,Algeria,0,0
1986,06 Jun 1986 - 16:00 ,Group F,England,0,0,Morocco,0,0
1986,07 Jun 1986 - 12:00 ,Group D,Northern Ireland,1,2,Spain,0,2
1986,07 Jun 1986 - 12:00 ,Group B,Mexico,1,1,Paraguay,1,0
1986,07 Jun 1986 - 16:00 ,Group F,Poland,1,0,Portugal,0,0
1986,08 Jun 1986 - 12:00 ,Group B,Iraq,1,2,Belgium,0,2
1986,08 Jun 1986 - 16:00 ,Group E,Denmark,6,1,Uruguay,2,1
1986,08 Jun 1986 - 12:00 ,Group E,Germany,2,1,Scotland,1,1
1986,09 Jun 1986 - 12:00 ,Group C,Hungary,0,3,France,0,1
1986,09 Jun 1986 - 12:00 ,Group C,Soviet Union,2,0,Canada,0,0
1986,10 Jun 1986 - 12:00 ,Group A,Korea Republic,2,3,Italy,0,1
1986,10 Jun 1986 - 12:00 ,Group A,Argentina,2,0,Bulgaria,1,0
1986,11 Jun 1986 - 12:00 ,Group B,Paraguay,2,2,Belgium,0,1
1986,11 Jun 1986 - 12:00 ,Group B,Iraq,0,1,Mexico,0,0
1986,11 Jun 1986 - 16:00 ,Group F,Portugal,1,3,Morocco,0,2
1986,11 Jun 1986 - 16:00 ,Group F,England,3,0,Poland,3,0
1986,12 Jun 1986 - 12:00 ,Group D,Northern Ireland,0,3,Brazil,0,2
1986,12 Jun 1986 - 12:00 ,Group D,Algeria,0,3,Spain,0,1
1986,13 Jun 1986 - 12:00 ,Group E,Scotland,0,0,Uruguay,0,0
1986,13 Jun 1986 - 12:00 ,Group E,Denmark,2,0,Germany,1,0
1986,15 Jun 1986 - 16:00 ,Round of 16,Soviet Union,3,4,Belgium,0,0
1986,15 Jun 1986 - 12:00 ,Round of 16,Mexico,2,0,Bulgaria,1,0
1986,16 Jun 1986 - 16:00 ,Round of 16,Argentina,1,0,Uruguay,1,0
1986,16 Jun 1986 - 12:00 ,Round of 16,Brazil,4,0,Poland,1,0
1986,17 Jun 1986 - 12:00 ,Round of 16,Italy,0,2,France,0,1
1986,17 Jun 1986 - 16:00 ,Round of 16,Morocco,0,1,Germany,0,0
1986,18 Jun 1986 - 12:00 ,Round of 16,England,3,0,Paraguay,1,0
1986,18 Jun 1986 - 16:00 ,Round of 16,Denmark,1,5,Spain,1,1
1986,21 Jun 1986 - 12:00 ,Quarter-finals,Brazil,1,1,France,0,0
1986,21 Jun 1986 - 16:00 ,Quarter-finals,Germany,0,0,Mexico,0,0
1986,22 Jun 1986 - 16:00 ,Quarter-finals,Spain,1,1,Belgium,0,0
1986,22 Jun 1986 - 12:00 ,Quarter-finals,Argentina,2,1,England,0,0
1986,25 Jun 1986 - 12:00 ,Semi-finals,France,0,2,Germany,0,1
1986,25 Jun 1986 - 16:00 ,Semi-finals,Argentina,2,0,Belgium,0,0
1986,28 Jun 1986 - 12:00 ,Match for third place,France,4,2,Belgium,0,0
1986,29 Jun 1986 - 12:00 ,Final,Argentina,3,2,Germany,1,0
1990,08 Jun 1990 - 18:00 ,Group B,Argentina,0,1,Cameroon,0,0
1990,09 Jun 1990 - 17:00 ,Group B,Soviet Union,0,2,Romania,0,1
1990,09 Jun 1990 - 17:00 ,Group D,"rn"">United Arab Emirates",0,2,Colombia,0,0
1990,09 Jun 1990 - 21:00 ,Group A,Italy,1,0,Austria,0,0
1990,10 Jun 1990 - 17:00 ,Group A,USA,1,5,Czechoslovakia,0,2
1990,10 Jun 1990 - 21:00 ,Group C,Brazil,2,1,Sweden,1,0
1990,10 Jun 1990 - 21:00 ,Group D,Germany,4,1,Yugoslavia,2,0
1990,11 Jun 1990 - 17:00 ,Group C,Costa Rica,1,0,Scotland,0,0
1990,11 Jun 1990 - 21:00 ,Group F,England,1,1,"rn"">Republic of Ireland",1,0
1990,12 Jun 1990 - 17:00 ,Group E,Belgium,2,0,Korea Republic,0,0
1990,12 Jun 1990 - 21:00 ,Group F,Netherlands,1,1,Egypt,0,0
1990,13 Jun 1990 - 17:00 ,Group E,Uruguay,0,0,Spain,0,0
1990,13 Jun 1990 - 21:00 ,Group B,Argentina,2,0,Soviet Union,1,0
1990,14 Jun 1990 - 17:00 ,Group B,Cameroon,2,1,Romania,0,0
1990,14 Jun 1990 - 17:00 ,Group D,Yugoslavia,1,0,Colombia,0,0
1990,14 Jun 1990 - 21:00 ,Group A,Italy,1,0,USA,1,0
1990,15 Jun 1990 - 17:00 ,Group A,Austria,0,1,Czechoslovakia,0,1
1990,15 Jun 1990 - 21:00 ,Group D,Germany,5,1,"rn"">United Arab Emirates",2,0
1990,16 Jun 1990 - 17:00 ,Group C,Brazil,1,0,Costa Rica,1,0
1990,16 Jun 1990 - 21:00 ,Group C,Sweden,1,2,Scotland,0,1
1990,16 Jun 1990 - 21:00 ,Group F,England,0,0,Netherlands,0,0
1990,17 Jun 1990 - 17:00 ,Group F,"rn"">Republic of Ireland",0,0,Egypt,0,0
1990,17 Jun 1990 - 21:00 ,Group E,Korea Republic,1,3,Spain,1,1
1990,17 Jun 1990 - 21:00 ,Group E,Belgium,3,1,Uruguay,2,0
1990,18 Jun 1990 - 21:00 ,Group B,Argentina,1,1,Romania,0,0
1990,18 Jun 1990 - 21:00 ,Group B,Cameroon,0,4,Soviet Union,0,2
1990,19 Jun 1990 - 17:00 ,Group D,Germany,1,1,Colombia,0,0
1990,19 Jun 1990 - 17:00 ,Group D,Yugoslavia,4,1,"rn"">United Arab Emirates",2,1
1990,19 Jun 1990 - 21:00 ,Group A,Italy,2,0,Czechoslovakia,1,0
1990,19 Jun 1990 - 21:00 ,Group A,Austria,2,1,USA,0,0
1990,20 Jun 1990 - 21:00 ,Group C,Brazil,1,0,Scotland,0,0
1990,20 Jun 1990 - 21:00 ,Group C,Sweden,1,2,Costa Rica,1,0
1990,21 Jun 1990 - 17:00 ,Group E,Korea Republic,0,1,Uruguay,0,0
1990,21 Jun 1990 - 17:00 ,Group E,Belgium,1,2,Spain,1,2
1990,21 Jun 1990 - 21:00 ,Group F,"rn"">Republic of Ireland",1,1,Netherlands,0,1
1990,21 Jun 1990 - 21:00 ,Group F,England,1,0,Egypt,0,0
1990,23 Jun 1990 - 17:00 ,Round of 16,Cameroon,2,1,Colombia,0,0
1990,23 Jun 1990 - 21:00 ,Round of 16,Czechoslovakia,4,1,Costa Rica,1,0
1990,24 Jun 1990 - 17:00 ,Round of 16,Brazil,0,1,Argentina,0,0
1990,24 Jun 1990 - 21:00 ,Round of 16,Germany,2,1,Netherlands,0,0
1990,25 Jun 1990 - 17:00 ,Round of 16,"rn"">Republic of Ireland",0,0,Romania,0,0
1990,25 Jun 1990 - 21:00 ,Round of 16,Italy,2,0,Uruguay,0,0
1990,26 Jun 1990 - 17:00 ,Round of 16,Spain,1,2,Yugoslavia,0,0
1990,26 Jun 1990 - 21:00 ,Round of 16,England,1,0,Belgium,0,0
1990,30 Jun 1990 - 17:00 ,Quarter-finals,Yugoslavia,0,0,Argentina,0,0
1990,30 Jun 1990 - 21:00 ,Quarter-finals,Italy,1,0,"rn"">Republic of Ireland",1,0
1990,01 Jul 1990 - 17:00 ,Quarter-finals,Germany,1,0,Czechoslovakia,1,0
1990,01 Jul 1990 - 21:00 ,Quarter-finals,England,3,2,Cameroon,0,0
1990,03 Jul 1990 - 20:00 ,Semi-finals,Italy,1,1,Argentina,0,0
1990,04 Jul 1990 - 20:00 ,Semi-finals,Germany,1,1,England,0,0
1990,07 Jul 1990 - 20:00 ,Match for third place,Italy,2,1,England,0,0
1990,08 Jul 1990 - 20:00 ,Final,Germany,1,0,Argentina,0,0
1994,17 Jun 1994 - 19:30 ,Group C,Spain,2,2,Korea Republic,0,0
1994,17 Jun 1994 - 15:00 ,Group C,Germany,1,0,Bolivia,0,0
1994,18 Jun 1994 - 11:30 ,Group A,USA,1,1,Switzerland,1,1
1994,18 Jun 1994 - 16:00 ,Group E,Italy,0,1,"rn"">Republic of Ireland",0,1
1994,18 Jun 1994 - 19:30 ,Group A,Colombia,1,3,Romania,1,2
1994,19 Jun 1994 - 12:30 ,Group F,Belgium,1,0,Morocco,1,0
1994,19 Jun 1994 - 16:00 ,Group E,Norway,1,0,Mexico,0,0
1994,19 Jun 1994 - 19:30 ,Group B,Cameroon,2,2,Sweden,1,1
1994,20 Jun 1994 - 19:30 ,Group F,Netherlands,2,1,Saudi Arabia,0,1
1994,20 Jun 1994 - 16:00 ,Group B,Brazil,2,0,Russia,1,0
1994,21 Jun 1994 - 12:30 ,Group D,Argentina,4,0,Greece,2,0
1994,21 Jun 1994 - 19:30 ,Group D,Nigeria,3,0,Bulgaria,2,0
1994,21 Jun 1994 - 16:00 ,Group C,Germany,1,1,Spain,0,1
1994,22 Jun 1994 - 16:00 ,Group A,Romania,1,4,Switzerland,1,1
1994,22 Jun 1994 - 19:30 ,Group A,USA,2,1,Colombia,1,0
1994,23 Jun 1994 - 16:00 ,Group E,Italy,1,0,Norway,0,0
1994,23 Jun 1994 - 19:30 ,Group C,Korea Republic,0,0,Bolivia,0,0
1994,24 Jun 1994 - 12:30 ,Group E,Mexico,2,1,"rn"">Republic of Ireland",1,0
1994,24 Jun 1994 - 19:30 ,Group B,Sweden,3,1,Russia,1,1
1994,24 Jun 1994 - 16:00 ,Group B,Brazil,3,0,Cameroon,1,0
1994,25 Jun 1994 - 12:30 ,Group F,Belgium,1,0,Netherlands,0,0
1994,25 Jun 1994 - 12:30 ,Group F,Saudi Arabia,2,1,Morocco,2,1
1994,25 Jun 1994 - 16:00 ,Group D,Argentina,2,1,Nigeria,2,1
1994,26 Jun 1994 - 12:30 ,Group D,Bulgaria,4,0,Greece,1,0
1994,26 Jun 1994 - 16:00 ,Group A,USA,0,1,Romania,0,1
1994,26 Jun 1994 - 16:00 ,Group A,Switzerland,0,2,Colombia,0,1
1994,27 Jun 1994 - 16:00 ,Group C,Germany,3,2,Korea Republic,3,0
1994,27 Jun 1994 - 16:00 ,Group C,Bolivia,1,3,Spain,0,1
1994,28 Jun 1994 - 12:30 ,Group E,"rn"">Republic of Ireland",0,0,Norway,0,0
1994,28 Jun 1994 - 16:00 ,Group B,Brazil,1,1,Sweden,0,1
1994,28 Jun 1994 - 12:30 ,Group E,Italy,1,1,Mexico,0,0
1994,28 Jun 1994 - 16:00 ,Group B,Russia,6,1,Cameroon,3,0
1994,29 Jun 1994 - 12:30 ,Group F,Morocco,1,2,Netherlands,0,1
1994,29 Jun 1994 - 12:30 ,Group F,Belgium,0,1,Saudi Arabia,0,1
1994,30 Jun 1994 - 19:30 ,Group D,Greece,0,2,Nigeria,0,1
1994,30 Jun 1994 - 19:30 ,Group D,Argentina,0,2,Bulgaria,0,0
1994,02 Jul 1994 - 12:00 ,Round of 16,Germany,3,2,Belgium,3,1
1994,02 Jul 1994 - 16:30 ,Round of 16,Spain,3,0,Switzerland,1,0
1994,03 Jul 1994 - 12:00 ,Round of 16,Saudi Arabia,1,3,Sweden,0,1
1994,03 Jul 1994 - 13:30 ,Round of 16,Romania,3,2,Argentina,2,1
1994,04 Jul 1994 - 12:00 ,Round of 16,Netherlands,2,0,"rn"">Republic of Ireland",2,0
1994,04 Jul 1994 - 12:30 ,Round of 16,Brazil,1,0,USA,0,0
1994,05 Jul 1994 - 13:00 ,Round of 16,Nigeria,1,2,Italy,0,0
1994,05 Jul 1994 - 16:30 ,Round of 16,Mexico,1,1,Bulgaria,0,0
1994,09 Jul 1994 - 12:00 ,Quarter-finals,Italy,2,1,Spain,1,0
1994,09 Jul 1994 - 14:30 ,Quarter-finals,Netherlands,2,3,Brazil,0,0
1994,10 Jul 1994 - 12:00 ,Quarter-finals,Bulgaria,2,1,Germany,0,0
1994,10 Jul 1994 - 12:30 ,Quarter-finals,Romania,2,2,Sweden,0,0
1994,13 Jul 1994 - 16:00 ,Semi-finals,Bulgaria,1,2,Italy,1,2
1994,13 Jul 1994 - 16:30 ,Semi-finals,Sweden,0,1,Brazil,0,0
1994,16 Jul 1994 - 12:30 ,Match for third place,Sweden,4,0,Bulgaria,4,0
1994,17 Jul 1994 - 12:30 ,Final,Brazil,0,0,Italy,0,0
1998,10 Jun 1998 - 17:30 ,Group A,Brazil,2,1,Scotland,1,1
1998,10 Jun 1998 - 21:00 ,Group A,Morocco,2,2,Norway,1,1
1998,11 Jun 1998 - 17:30 ,Group B,Italy,2,2,Chile,1,1
1998,11 Jun 1998 - 21:00 ,Group B,Cameroon,1,1,Austria,0,0
1998,12 Jun 1998 - 14:30 ,Group D,Paraguay,0,0,Bulgaria,0,0
1998,12 Jun 1998 - 17:30 ,Group C,Saudi Arabia,0,1,Denmark,0,0
1998,12 Jun 1998 - 21:00 ,Group C,France,3,0,South Africa,1,0
1998,13 Jun 1998 - 14:30 ,Group D,Spain,2,3,Nigeria,1,1
1998,13 Jun 1998 - 17:30 ,Group E,Korea Republic,1,3,Mexico,1,0
1998,13 Jun 1998 - 21:00 ,Group E,Netherlands,0,0,Belgium,0,0
1998,14 Jun 1998 - 14:30 ,Group H,Argentina,1,0,Japan,1,0
1998,14 Jun 1998 - 17:30 ,Group F,Yugoslavia,1,0,Iran,0,0
1998,14 Jun 1998 - 21:00 ,Group H,Jamaica,1,3,Croatia,1,1
1998,15 Jun 1998 - 14:30 ,Group G,England,2,0,Tunisia,1,0
1998,15 Jun 1998 - 17:30 ,Group G,Romania,1,0,Colombia,1,0
1998,15 Jun 1998 - 21:00 ,Group F,Germany,2,0,USA,1,0
1998,16 Jun 1998 - 17:30 ,Group A,Scotland,1,1,Norway,0,0
1998,16 Jun 1998 - 21:00 ,Group A,Brazil,3,0,Morocco,2,0
1998,17 Jun 1998 - 17:30 ,Group B,Chile,1,1,Austria,0,0
1998,17 Jun 1998 - 21:00 ,Group B,Italy,3,0,Cameroon,1,0
1998,18 Jun 1998 - 17:30 ,Group C,South Africa,1,1,Denmark,0,1
1998,18 Jun 1998 - 21:00 ,Group C,France,4,0,Saudi Arabia,1,0
1998,19 Jun 1998 - 17:30 ,Group D,Nigeria,1,0,Bulgaria,1,0
1998,19 Jun 1998 - 21:00 ,Group D,Spain,0,0,Paraguay,0,0
1998,20 Jun 1998 - 14:30 ,Group H,Japan,0,1,Croatia,0,0
1998,20 Jun 1998 - 17:30 ,Group E,Belgium,2,2,Mexico,1,0
1998,20 Jun 1998 - 21:00 ,Group E,Netherlands,5,0,Korea Republic,2,0
1998,21 Jun 1998 - 14:30 ,Group F,Germany,2,2,Yugoslavia,0,1
1998,21 Jun 1998 - 17:30 ,Group H,Argentina,5,0,Jamaica,1,0
1998,21 Jun 1998 - 21:00 ,Group F,USA,1,2,Iran,0,1
1998,22 Jun 1998 - 17:30 ,Group G,Colombia,1,0,Tunisia,0,0
1998,22 Jun 1998 - 21:00 ,Group G,Romania,2,1,England,0,0
1998,23 Jun 1998 - 16:00 ,Group B,Italy,2,1,Austria,0,0
1998,23 Jun 1998 - 16:00 ,Group B,Chile,1,1,Cameroon,1,0
1998,23 Jun 1998 - 21:00 ,Group A,Scotland,0,3,Morocco,0,1
1998,23 Jun 1998 - 21:00 ,Group A,Brazil,1,2,Norway,0,0
1998,24 Jun 1998 - 16:00 ,Group C,France,2,1,Denmark,1,1
1998,24 Jun 1998 - 16:00 ,Group C,South Africa,2,2,Saudi Arabia,1,1
1998,24 Jun 1998 - 21:00 ,Group D,Spain,6,1,Bulgaria,2,0
1998,24 Jun 1998 - 21:00 ,Group D,Nigeria,1,3,Paraguay,1,1
1998,25 Jun 1998 - 16:00 ,Group E,Belgium,1,1,Korea Republic,1,0
1998,25 Jun 1998 - 16:00 ,Group E,Netherlands,2,2,Mexico,2,0
1998,25 Jun 1998 - 21:00 ,Group F,Germany,2,0,Iran,0,0
1998,25 Jun 1998 - 21:00 ,Group F,USA,0,1,Yugoslavia,0,1
1998,26 Jun 1998 - 16:00 ,Group H,Japan,1,2,Jamaica,0,1
1998,26 Jun 1998 - 16:00 ,Group H,Argentina,1,0,Croatia,1,0
1998,26 Jun 1998 - 21:00 ,Group G,Romania,1,1,Tunisia,0,1
1998,26 Jun 1998 - 21:00 ,Group G,Colombia,0,2,England,0,2
1998,27 Jun 1998 - 16:30 ,Round of 16,Italy,1,0,Norway,1,0
1998,27 Jun 1998 - 21:00 ,Round of 16,Brazil,4,1,Chile,3,0
1998,28 Jun 1998 - 16:30 ,Round of 16,France,1,0,Paraguay,0,0
1998,28 Jun 1998 - 21:00 ,Round of 16,Nigeria,1,4,Denmark,0,2
1998,29 Jun 1998 - 16:30 ,Round of 16,Germany,2,1,Mexico,0,0
1998,29 Jun 1998 - 21:00 ,Round of 16,Netherlands,2,1,Yugoslavia,1,0
1998,30 Jun 1998 - 16:30 ,Round of 16,Romania,0,1,Croatia,0,1
1998,30 Jun 1998 - 21:00 ,Round of 16,Argentina,2,2,England,0,0
1998,03 Jul 1998 - 16:30 ,Quarter-finals,Italy,0,0,France,0,0
1998,03 Jul 1998 - 21:00 ,Quarter-finals,Brazil,3,2,Denmark,2,1
1998,04 Jul 1998 - 16:30 ,Quarter-finals,Netherlands,2,1,Argentina,1,1
1998,04 Jul 1998 - 21:00 ,Quarter-finals,Germany,0,3,Croatia,0,1
1998,07 Jul 1998 - 21:00 ,Semi-finals,Brazil,1,1,Netherlands,0,0
1998,08 Jul 1998 - 21:00 ,Semi-finals,France,2,1,Croatia,0,0
1998,11 Jul 1998 - 21:00 ,Match for third place,Netherlands,1,2,Croatia,1,2
1998,12 Jul 1998 - 21:00 ,Final,Brazil,0,3,France,0,2
2002,31 May 2002 - 20:30 ,Group A,France,0,1,Senegal,0,1
2002,01 Jun 2002 - 18:00 ,Group A,Uruguay,1,2,Denmark,0,1
2002,01 Jun 2002 - 15:30 ,Group E,"rn"">Republic of Ireland",1,1,Cameroon,0,1
2002,01 Jun 2002 - 20:30 ,Group E,Germany,8,0,Saudi Arabia,4,0
2002,02 Jun 2002 - 14:30 ,Group F,Argentina,1,0,Nigeria,0,0
2002,02 Jun 2002 - 16:30 ,Group B,Paraguay,2,2,South Africa,1,0
2002,02 Jun 2002 - 18:30 ,Group F,England,1,1,Sweden,1,0
2002,02 Jun 2002 - 20:30 ,Group B,Spain,3,1,Slovenia,1,0
2002,03 June 2002 - 18:00 ,Group C,Brazil,2,1,Turkey,0,1
2002,03 Jun 2002 - 20:30 ,Group G,Italy,2,0,Ecuador,2,0
2002,03 Jun 2002 - 15:30 ,Group G,Croatia,0,1,Mexico,0,0
2002,04 June 2002 - 15:30 ,Group C,China PR,0,2,Costa Rica,0,0
2002,04 June 2002 - 18:00 ,Group H,Japan,2,2,Belgium,0,0
2002,04 Jun 2002 - 20:30 ,Group D,Korea Republic,2,0,Poland,1,0
2002,05 Jun 2002 - 15:30 ,Group H,Russia,2,0,Tunisia,0,0
2002,05 Jun 2002 - 18:00 ,Group D,USA,3,2,Portugal,3,1
2002,05 Jun 2002 - 20:30 ,Group E,Germany,1,1,"rn"">Republic of Ireland",1,0
2002,06 Jun 2002 - 15:30 ,Group A,Denmark,1,1,Senegal,1,0
2002,06 Jun 2002 - 18:00 ,Group E,Cameroon,1,0,Saudi Arabia,0,0
2002,06 Jun 2002 - 20:30 ,Group A,France,0,0,Uruguay,0,0
2002,07 Jun 2002 - 15:30 ,Group F,Sweden,2,1,Nigeria,1,1
2002,07 Jun 2002 - 20:30 ,Group F,Argentina,0,1,England,0,1
2002,07 June 2002 - 18:00 ,Group B,Spain,3,1,Paraguay,0,1
2002,08 Jun 2002 - 15:30 ,Group B,South Africa,1,0,Slovenia,1,0
2002,08 Jun 2002 - 20:30 ,Group C,Brazil,4,0,China PR,3,0
2002,08 June 2002 - 18:00 ,Group G,Italy,1,2,Croatia,0,0
2002,09 Jun 2002 - 18:00 ,Group C,Costa Rica,1,1,Turkey,0,0
2002,09 Jun 2002 - 20:30 ,Group H,Japan,1,0,Russia,0,0
2002,09 Jun 2002 - 15:30 ,Group G,Mexico,2,1,Ecuador,1,1
2002,10 Jun 2002 - 15:30 ,Group D,Korea Republic,1,1,USA,0,1
2002,10 Jun 2002 - 20:30 ,Group D,Portugal,4,0,Poland,1,0
2002,10 Jun 2002 - 18:00 ,Group H,Tunisia,1,1,Belgium,1,1
2002,11 Jun 2002 - 15:30 ,Group A,Denmark,2,0,France,1,0
2002,11 June 2002 - 15:30 ,Group A,Senegal,3,3,Uruguay,3,0
2002,11 Jun 2002 - 20:30 ,Group E,Saudi Arabia,0,3,"rn"">Republic of Ireland",0,1
2002,11 Jun 2002 - 20:30 ,Group E,Cameroon,0,2,Germany,0,0
2002,12 Jun 2002 - 15:30 ,Group F,Sweden,1,1,Argentina,0,0
2002,12 Jun 2002 - 15:30 ,Group F,Nigeria,0,0,England,0,0
2002,12 Jun 2002 - 20:30 ,Group B,Slovenia,1,3,Paraguay,1,0
2002,12 Jun 2002 - 20:30 ,Group B,South Africa,2,3,Spain,1,2
2002,13 Jun 2002 - 15:30 ,Group C,Costa Rica,2,5,Brazil,1,3
2002,13 Jun 2002 - 15:30 ,Group C,Turkey,3,0,China PR,2,0
2002,13 Jun 2002 - 20:30 ,Group G,Ecuador,1,0,Croatia,0,0
2002,13 Jun 2002 - 20:30 ,Group G,Mexico,1,1,Italy,1,0
2002,14 Jun 2002 - 15:30 ,Group H,Tunisia,0,2,Japan,0,0
2002,14 Jun 2002 - 20:30 ,Group D,Portugal,0,1,Korea Republic,0,0
2002,14 Jun 2002 - 20:30 ,Group D,Poland,3,1,USA,2,0
2002,14 Jun 2002 - 15:30 ,Group H,Belgium,3,2,Russia,1,0
2002,15 Jun 2002 - 20:30 ,Round of 16,Denmark,0,3,England,0,3
2002,15 Jun 2002 - 15:30 ,Round of 16,Germany,1,0,Paraguay,0,0
2002,16 Jun 2002 - 20:30 ,Round of 16,Spain,1,1,"rn"">Republic of Ireland",0,0
2002,16 Jun 2002 - 15:30 ,Round of 16,Sweden,1,2,Senegal,0,0
2002,17 Jun 2002 - 20:30 ,Round of 16,Brazil,2,0,Belgium,0,0
2002,17 June 2002 - 15:30 ,Round of 16,Mexico,0,2,USA,0,1
2002,18 Jun 2002 - 15:30 ,Round of 16,Japan,0,1,Turkey,0,1
2002,18 Jun 2002 - 20:30 ,Round of 16,Korea Republic,2,1,Italy,0,0
2002,21 Jun 2002 - 15:30 ,Quarter-finals,England,1,2,Brazil,1,1
2002,21 Jun 2002 - 20:30 ,Quarter-finals,Germany,1,0,USA,1,0
2002,22 Jun 2002 - 20:30 ,Quarter-finals,Senegal,0,1,Turkey,0,0
2002,22 Jun 2002 - 15:30 ,Quarter-finals,Spain,0,0,Korea Republic,0,0
2002,25 Jun 2002 - 20:30 ,Semi-finals,Germany,1,0,Korea Republic,0,0
2002,26 Jun 2002 - 20:30 ,Semi-finals,Brazil,1,0,Turkey,0,0
2002,29 Jun 2002 - 20:00 ,Third place,Korea Republic,2,3,Turkey,1,3
2002,30 Jun 2002 - 20:00 ,Final,Germany,0,2,Brazil,0,0
2006,09 Jun 2006 - 18:00 ,Group A,Germany,4,2,Costa Rica,2,1
2006,09 Jun 2006 - 21:00 ,Group A,Poland,0,2,Ecuador,0,1
2006,10 Jun 2006 - 15:00 ,Group B,England,1,0,Paraguay,1,0
2006,10 Jun 2006 - 18:00 ,Group B,"rn"">Trinidad and Tobago",0,0,Sweden,0,0
2006,10 Jun 2006 - 21:00 ,Group C,Argentina,2,1,C?te d'Ivoire,2,0
2006,11 Jun 2006 - 15:00 ,Group C,"rn"">Serbia and Montenegro",0,1,Netherlands,0,1
2006,11 Jun 2006 - 18:00 ,Group D,Mexico,3,1,Iran,1,1
2006,11 Jun 2006 - 21:00 ,Group D,Angola,0,1,Portugal,0,1
2006,12 Jun 2006 - 15:00 ,Group F,Australia,3,1,Japan,0,1
2006,12 Jun 2006 - 18:00 ,Group E,USA,0,3,Czech Republic,0,2
2006,12 Jun 2006 - 21:00 ,Group E,Italy,2,0,Ghana,1,0
2006,13 Jun 2006 - 15:00 ,Group G,Korea Republic,2,1,Togo,0,1
2006,13 Jun 2006 - 18:00 ,Group G,France,0,0,Switzerland,0,0
2006,13 Jun 2006 - 21:00 ,Group F,Brazil,1,0,Croatia,1,0
2006,14 Jun 2006 - 15:00 ,Group H,Spain,4,0,Ukraine,2,0
2006,14 Jun 2006 - 18:00 ,Group H,Tunisia,2,2,Saudi Arabia,1,0
2006,14 Jun 2006 - 21:00 ,Group A,Germany,1,0,Poland,0,0
2006,15 Jun 2006 - 15:00 ,Group A,Ecuador,3,0,Costa Rica,1,0
2006,15 Jun 2006 - 18:00 ,Group B,England,2,0,"rn"">Trinidad and Tobago",0,0
2006,15 Jun 2006 - 21:00 ,Group B,Sweden,1,0,Paraguay,0,0
2006,16 Jun 2006 - 15:00 ,Group C,Argentina,6,0,"rn"">Serbia and Montenegro",3,0
2006,16 Jun 2006 - 18:00 ,Group C,Netherlands,2,1,C?te d'Ivoire,2,1
2006,16 Jun 2006 - 21:00 ,Group D,Mexico,0,0,Angola,0,0
2006,17 Jun 2006 - 15:00 ,Group D,Portugal,2,0,IR Iran,0,0
2006,17 Jun 2006 - 18:00 ,Group E,Czech Republic,0,2,Ghana,0,1
2006,17 Jun 2006 - 21:00 ,Group E,Italy,1,1,USA,1,1
2006,18 Jun 2006 - 15:00 ,Group F,Japan,0,0,Croatia,0,0
2006,18 Jun 2006 - 18:00 ,Group F,Brazil,2,0,Australia,0,0
2006,18 Jun 2006 - 21:00 ,Group G,France,1,1,Korea Republic,1,0
2006,19 Jun 2006 - 15:00 ,Group G,Togo,0,2,Switzerland,0,1
2006,19 Jun 2006 - 18:00 ,Group H,Saudi Arabia,0,4,Ukraine,0,2
2006,19 Jun 2006 - 21:00 ,Group H,Spain,3,1,Tunisia,0,1
2006,20 Jun 2006 - 16:00 ,Group A,Ecuador,0,3,Germany,0,2
2006,20 Jun 2006 - 16:00 ,Group A,Costa Rica,1,2,Poland,1,1
2006,20 Jun 2006 - 21:00 ,Group B,Sweden,2,2,England,0,1
2006,20 Jun 2006 - 21:00 ,Group B,Paraguay,2,0,"rn"">Trinidad and Tobago",1,0
2006,21 Jun 2006 - 16:00 ,Group D,Iran,1,1,Angola,0,0
2006,21 Jun 2006 - 16:00 ,Group D,Portugal,2,1,Mexico,2,1
2006,21 Jun 2006 - 21:00 ,Group C,Netherlands,0,0,Argentina,0,0
2006,21 Jun 2006 - 21:00 ,Group C,C?te d'Ivoire,3,2,"rn"">Serbia and Montenegro",1,2
2006,22 Jun 2006 - 16:00 ,Group E,Czech Republic,0,2,Italy,0,1
2006,22 Jun 2006 - 16:00 ,Group E,Ghana,2,1,USA,2,1
2006,22 Jun 2006 - 21:00 ,Group F,Japan,1,4,Brazil,1,1
2006,22 Jun 2006 - 21:00 ,Group F,Croatia,2,2,Australia,1,1
2006,23 Jun 2006 - 16:00 ,Group H,Ukraine,1,0,Tunisia,0,0
2006,23 Jun 2006 - 16:00 ,Group H,Saudi Arabia,0,1,Spain,0,1
2006,23 Jun 2006 - 21:00 ,Group G,Togo,0,2,France,0,0
2006,23 Jun 2006 - 21:00 ,Group G,Switzerland,2,0,Korea Republic,1,0
2006,24 Jun 2006 - 17:00 ,Round of 16,Germany,2,0,Sweden,2,0
2006,24 Jun 2006 - 21:00 ,Round of 16,Argentina,2,1,Mexico,0,0
2006,25 Jun 2006 - 17:00 ,Round of 16,England,1,0,Ecuador,0,0
2006,25 Jun 2006 - 21:00 ,Round of 16,Portugal,1,0,Netherlands,1,0
2006,26 Jun 2006 - 17:00 ,Round of 16,Italy,1,0,Australia,0,0
2006,26 Jun 2006 - 21:00 ,Round of 16,Switzerland,0,0,Ukraine,0,0
2006,27 Jun 2006 - 17:00 ,Round of 16,Brazil,3,0,Ghana,2,0
2006,27 Jun 2006 - 21:00 ,Round of 16,Spain,1,3,France,1,1
2006,30 Jun 2006 - 17:00 ,Quarter-finals,Germany,1,1,Argentina,0,0
2006,30 Jun 2006 - 21:00 ,Quarter-finals,Italy,3,0,Ukraine,1,0
2006,01 Jul 2006 - 17:00 ,Quarter-finals,England,0,0,Portugal,0,0
2006,01 Jul 2006 - 21:00 ,Quarter-finals,Brazil,0,1,France,0,0
2006,04 Jul 2006 - 21:00 ,Semi-finals,Germany,0,2,Italy,0,0
2006,05 Jul 2006 - 21:00 ,Semi-finals,Portugal,0,1,France,0,1
2006,08 Jul 2006 - 21:00 ,Third place,Germany,3,1,Portugal,0,0
2006,09 Jul 2006 - 20:00 ,Final,Italy,1,1,France,0,0
2010,11 Jun 2010 - 16:00 ,Group A,South Africa,1,1,Mexico,0,0
2010,11 Jun 2010 - 20:30 ,Group A,Uruguay,0,0,France,0,0
2010,12 Jun 2010 - 13:30 ,Group B,Korea Republic,2,0,Greece,1,0
2010,12 Jun 2010 - 16:00 ,Group B,Argentina,1,0,Nigeria,1,0
2010,12 Jun 2010 - 20:30 ,Group C,England,1,1,USA,1,1
2010,13 Jun 2010 - 13:30 ,Group C,Algeria,0,1,Slovenia,0,0
2010,13 Jun 2010 - 16:00 ,Group D,Serbia,0,1,Ghana,0,0
2010,13 Jun 2010 - 20:30 ,Group D,Germany,4,0,Australia,2,0
2010,14 Jun 2010 - 13:30 ,Group E,Netherlands,2,0,Denmark,0,0
2010,14 Jun 2010 - 16:00 ,Group E,Japan,1,0,Cameroon,1,0
2010,14 Jun 2010 - 20:30 ,Group F,Italy,1,1,Paraguay,0,1
2010,15 Jun 2010 - 13:30 ,Group F,New Zealand,1,1,Slovakia,0,0
2010,15 Jun 2010 - 16:00 ,Group G,C?te d'Ivoire,0,0,Portugal,0,0
2010,15 Jun 2010 - 20:30 ,Group G,Brazil,2,1,Korea DPR,0,0
2010,16 Jun 2010 - 13:30 ,Group H,Honduras,0,1,Chile,0,1
2010,16 Jun 2010 - 16:00 ,Group H,Spain,0,1,Switzerland,0,0
2010,16 Jun 2010 - 20:30 ,Group A,South Africa,0,3,Uruguay,0,1
2010,17 Jun 2010 - 13:30 ,Group B,Argentina,4,1,Korea Republic,2,1
2010,17 Jun 2010 - 16:00 ,Group B,Greece,2,1,Nigeria,1,1
2010,17 Jun 2010 - 20:30 ,Group A,France,0,2,Mexico,0,0
2010,18 Jun 2010 - 13:30 ,Group D,Germany,0,1,Serbia,0,1
2010,18 Jun 2010 - 16:00 ,Group C,Slovenia,2,2,USA,2,0
2010,18 Jun 2010 - 20:30 ,Group C,England,0,0,Algeria,0,0
2010,19 Jun 2010 - 13:30 ,Group E,Netherlands,1,0,Japan,0,0
2010,19 Jun 2010 - 16:00 ,Group D,Ghana,1,1,Australia,1,1
2010,19 Jun 2010 - 20:30 ,Group E,Cameroon,1,2,Denmark,1,1
2010,20 Jun 2010 - 13:30 ,Group F,Slovakia,0,2,Paraguay,0,1
2010,20 Jun 2010 - 16:00 ,Group F,Italy,1,1,New Zealand,1,1
2010,20 Jun 2010 - 20:30 ,Group G,Brazil,3,1,C?te d'Ivoire,1,0
2010,21 Jun 2010 - 13:30 ,Group G,Portugal,7,0,Korea DPR,1,0
2010,21 Jun 2010 - 16:00 ,Group H,Chile,1,0,Switzerland,0,0
2010,21 Jun 2010 - 20:30 ,Group H,Spain,2,0,Honduras,1,0
2010,22 Jun 2010 - 16:00 ,Group A,Mexico,0,1,Uruguay,0,1
2010,22 Jun 2010 - 16:00 ,Group A,France,1,2,South Africa,0,2
2010,22 Jun 2010 - 20:30 ,Group B,Nigeria,2,2,Korea Republic,1,1
2010,22 Jun 2010 - 20:30 ,Group B,Greece,0,2,Argentina,0,0
2010,23 Jun 2010 - 16:00 ,Group C,Slovenia,0,1,England,0,1
2010,23 Jun 2010 - 16:00 ,Group C,USA,1,0,Algeria,0,0
2010,23 Jun 2010 - 20:30 ,Group D,Ghana,0,1,Germany,0,0
2010,23 Jun 2010 - 20:30 ,Group D,Australia,2,1,Serbia,0,0
2010,24 Jun 2010 - 16:00 ,Group F,Slovakia,3,2,Italy,1,0
2010,24 Jun 2010 - 16:00 ,Group F,Paraguay,0,0,New Zealand,0,0
2010,24 Jun 2010 - 20:30 ,Group E,Denmark,1,3,Japan,0,2
2010,24 Jun 2010 - 20:30 ,Group E,Cameroon,1,2,Netherlands,0,1
2010,25 Jun 2010 - 16:00 ,Group G,Portugal,0,0,Brazil,0,0
2010,25 Jun 2010 - 16:00 ,Group G,Korea DPR,0,3,C?te d'Ivoire,0,2
2010,25 Jun 2010 - 20:30 ,Group H,Chile,1,2,Spain,0,2
2010,25 Jun 2010 - 20:30 ,Group H,Switzerland,0,0,Honduras,0,0
2010,26 Jun 2010 - 16:00 ,Round of 16,Uruguay,2,1,Korea Republic,1,0
2010,26 Jun 2010 - 20:30 ,Round of 16,USA,1,2,Ghana,0,0
2010,27 Jun 2010 - 16:00 ,Round of 16,Germany,4,1,England,2,1
2010,27 Jun 2010 - 20:30 ,Round of 16,Argentina,3,1,Mexico,2,0
2010,28 Jun 2010 - 16:00 ,Round of 16,Netherlands,2,1,Slovakia,1,0
2010,28 Jun 2010 - 20:30 ,Round of 16,Brazil,3,0,Chile,2,0
2010,29 Jun 2010 - 16:00 ,Round of 16,Paraguay,0,0,Japan,0,0
2010,29 Jun 2010 - 20:30 ,Round of 16,Spain,1,0,Portugal,0,0
2010,02 Jul 2010 - 16:00 ,Quarter-finals,Netherlands,2,1,Brazil,0,1
2010,02 Jul 2010 - 20:30 ,Quarter-finals,Uruguay,1,1,Ghana,0,0
2010,03 Jul 2010 - 16:00 ,Quarter-finals,Argentina,0,4,Germany,0,1
2010,03 Jul 2010 - 20:30 ,Quarter-finals,Paraguay,0,1,Spain,0,0
2010,06 Jul 2010 - 20:30 ,Semi-finals,Uruguay,2,3,Netherlands,1,1
2010,07 Jul 2010 - 20:30 ,Semi-finals,Germany,0,1,Spain,0,0
2010,10 Jul 2010 - 20:30 ,Match for third place,Uruguay,2,3,Germany,1,1
2010,11 Jul 2010 - 20:30 ,Final,Netherlands,0,1,Spain,0,0
2014,12 Jun 2014 - 17:00 ,Group A,Brazil,3,1,Croatia,1,1
2014,13 Jun 2014 - 13:00 ,Group A,Mexico,1,0,Cameroon,0,0
2014,13 Jun 2014 - 16:00 ,Group B,Spain,1,5,Netherlands,1,1
2014,13 Jun 2014 - 18:00 ,Group B,Chile,3,1,Australia,2,1
2014,14 Jun 2014 - 13:00 ,Group C,Colombia,3,0,Greece,1,0
2014,14 Jun 2014 - 16:00 ,Group D,Uruguay,1,3,Costa Rica,1,0
2014,14 Jun 2014 - 18:00 ,Group D,England,1,2,Italy,1,1
2014,14 Jun 2014 - 22:00 ,Group C,C?te d'Ivoire,2,1,Japan,0,1
2014,15 Jun 2014 - 13:00 ,Group E,Switzerland,2,1,Ecuador,0,1
2014,15 Jun 2014 - 16:00 ,Group E,France,3,0,Honduras,1,0
2014,15 Jun 2014 - 19:00 ,Group F,Argentina,2,1,"rn"">Bosnia and Herzegovina",1,0
2014,16 Jun 2014 - 13:00 ,Group G,Germany,4,0,Portugal,3,0
2014,16 Jun 2014 - 16:00 ,Group F,IR Iran,0,0,Nigeria,0,0
2014,16 Jun 2014 - 19:00 ,Group G,Ghana,1,2,USA,0,1
2014,17 Jun 2014 - 13:00 ,Group H,Belgium,2,1,Algeria,0,1
2014,17 Jun 2014 - 16:00 ,Group A,Brazil,0,0,Mexico,0,0
2014,17 Jun 2014 - 18:00 ,Group H,Russia,1,1,Korea Republic,0,0
2014,18 Jun 2014 - 13:00 ,Group B,Australia,2,3,Netherlands,1,1
2014,18 Jun 2014 - 16:00 ,Group B,Spain,0,2,Chile,0,2
2014,18 Jun 2014 - 18:00 ,Group A,Cameroon,0,4,Croatia,0,1
2014,19 Jun 2014 - 13:00 ,Group C,Colombia,2,1,C?te d'Ivoire,0,0
2014,19 Jun 2014 - 16:00 ,Group D,Uruguay,2,1,England,1,0
2014,19 Jun 2014 - 19:00 ,Group C,Japan,0,0,Greece,0,0
2014,20 Jun 2014 - 13:00 ,Group D,Italy,0,1,Costa Rica,0,1
2014,20 Jun 2014 - 16:00 ,Group E,Switzerland,2,5,France,0,3
2014,20 Jun 2014 - 19:00 ,Group E,Honduras,1,2,Ecuador,1,1
2014,21 Jun 2014 - 13:00 ,Group F,Argentina,1,0,IR Iran,0,0
2014,21 Jun 2014 - 16:00 ,Group G,Germany,2,2,Ghana,0,0
2014,21 Jun 2014 - 18:00 ,Group F,Nigeria,1,0,"rn"">Bosnia and Herzegovina",1,0
2014,22 Jun 2014 - 13:00 ,Group H,Belgium,1,0,Russia,0,0
2014,22 Jun 2014 - 16:00 ,Group H,Korea Republic,2,4,Algeria,0,3
2014,22 Jun 2014 - 18:00 ,Group G,USA,2,2,Portugal,0,1
2014,23 Jun 2014 - 13:00 ,Group B,Australia,0,3,Spain,0,1
2014,23 Jun 2014 - 13:00 ,Group B,Netherlands,2,0,Chile,0,0
2014,23 Jun 2014 - 17:00 ,Group A,Cameroon,1,4,Brazil,1,2
2014,23 Jun 2014 - 17:00 ,Group A,Croatia,1,3,Mexico,0,0
2014,24 Jun 2014 - 13:00 ,Group D,Italy,0,1,Uruguay,0,0
2014,24 Jun 2014 - 13:00 ,Group D,Costa Rica,0,0,England,0,0
2014,24 Jun 2014 - 16:00 ,Group C,Japan,1,4,Colombia,1,1
2014,24 Jun 2014 - 17:00 ,Group C,Greece,2,1,C?te d'Ivoire,1,0
2014,25 Jun 2014 - 13:00 ,Group F,Nigeria,2,3,Argentina,1,2
2014,25 Jun 2014 - 13:00 ,Group F,"rn"">Bosnia and Herzegovina",3,1,IR Iran,1,0
2014,25 Jun 2014 - 16:00 ,Group E,Honduras,0,3,Switzerland,0,2
2014,25 Jun 2014 - 17:00 ,Group E,Ecuador,0,0,France,0,0
2014,26 Jun 2014 - 13:00 ,Group G,USA,0,1,Germany,0,0
2014,26 Jun 2014 - 13:00 ,Group G,Portugal,2,1,Ghana,1,0
2014,26 Jun 2014 - 17:00 ,Group H,Korea Republic,0,1,Belgium,0,0
2014,26 Jun 2014 - 17:00 ,Group H,Algeria,1,1,Russia,0,1
2014,28 Jun 2014 - 13:00 ,Round of 16,Brazil,1,1,Chile,0,0
2014,28 Jun 2014 - 17:00 ,Round of 16,Colombia,2,0,Uruguay,1,0
2014,29 Jun 2014 - 13:00 ,Round of 16,Netherlands,2,1,Mexico,0,0
2014,29 Jun 2014 - 17:00 ,Round of 16,Costa Rica,1,1,Greece,0,0
2014,30 Jun 2014 - 13:00 ,Round of 16,France,2,0,Nigeria,0,0
2014,30 Jun 2014 - 17:00 ,Round of 16,Germany,2,1,Algeria,0,0
2014,01 Jul 2014 - 13:00 ,Round of 16,Argentina,1,0,Switzerland,0,0
2014,01 Jul 2014 - 17:00 ,Round of 16,Belgium,2,1,USA,0,0
2014,04 Jul 2014 - 13:00 ,Quarter-finals,France,0,1,Germany,0,1
2014,04 Jul 2014 - 17:00 ,Quarter-finals,Brazil,2,1,Colombia,1,0
2014,05 Jul 2014 - 13:00 ,Quarter-finals,Argentina,1,0,Belgium,1,0
2014,05 Jul 2014 - 17:00 ,Quarter-finals,Netherlands,0,0,Costa Rica,0,0
2014,08 Jul 2014 - 17:00 ,Semi-finals,Brazil,1,7,Germany,0,5
2014,09 Jul 2014 - 17:00 ,Semi-finals,Netherlands,0,0,Argentina,0,0
2014,12 Jul 2014 - 17:00 ,Play-off for third place,Brazil,0,3,Netherlands,0,2
2014,13 Jul 2014 - 16:00 ,Final,Germany,1,0,Argentina,0,0
